{"Nsum":[4,14,24,36,50,66],"a":[0.2712170710071083,0.4285714285714285,0.41666666666666676,0.4444444444444444,0.3118697732371134,0.35834263988495176]}